{
  "qx_ini": 4.15,
  "qy_ini": 4.45,
  "kf_ini": 0.7341814575607117,
  "kd_ini": -0.7596721125391955,
  "qx_fin": 4.17,
  "qy_fin": 4.23,
  "kf_fin": 0.7289467726651396,
  "kd_fin": -0.7443803377467162,
  "num_turns": 100
}