{
  "qx_ini": 4.15,
  "qy_ini": 4.45,
  "kf_ini": 0.7341631260209567,
  "kd_ini": -0.7596523885384002,
  "qx_fin": 4.17,
  "qy_fin": 4.23,
  "kf_fin": 0.728928309419483,
  "kd_fin": -0.744360808948126,
  "num_turns": 100000
}